{
    "AX": {
        "error": 0.0630010232622472, 
        "fit": "average_SEM", 
        "value": -0.013413321172265569
    }, 
    "CDD": {
        "error": 0.00018618545453784663, 
        "fit": "average_SEM", 
        "value": 0.00020729250439520305
    }, 
    "H1": {
        "error": 0.10850161463771661, 
        "fit": "average_SEM", 
        "value": -0.019353894353844225
    }, 
    "H2": {
        "error": 0.12382534190588106, 
        "fit": "average_SEM", 
        "value": 0.2404428147400419
    }, 
    "L1": {
        "error": 0.15799971387569942, 
        "fit": "average_SEM", 
        "value": -0.05940367339935619
    }, 
    "L2": {
        "error": 0.13010179945478353, 
        "fit": "average_SEM", 
        "value": -0.015847665701100293
    }
}