{
    "AX": {
        "error": 0.05631468483435693, 
        "fit": "average_SEM", 
        "value": -0.01698610201253056
    }, 
    "CDD": {
        "error": 0.00014458785770540976, 
        "fit": "average_SEM", 
        "value": 0.00012048876645470349
    }, 
    "H1": {
        "error": 0.12638954617696974, 
        "fit": "average_SEM", 
        "value": -0.016554007979963595
    }, 
    "H2": {
        "error": 0.1264216737386445, 
        "fit": "average_SEM", 
        "value": 0.24917942816391586
    }, 
    "L1": {
        "error": 0.14238541958743833, 
        "fit": "average_SEM", 
        "value": -0.06735227326086411
    }, 
    "L2": {
        "error": 0.1472063247354319, 
        "fit": "average_SEM", 
        "value": -0.017271004158828873
    }
}