{
    "AX": {
        "error": 0.0489385322889982, 
        "fit": "average_SEM", 
        "value": -0.010350528729031794
    }, 
    "CDD": {
        "error": 0.00017952058051433657, 
        "fit": "average_SEM", 
        "value": 0.0001813809406788399
    }, 
    "H1": {
        "error": 0.1297649760672477, 
        "fit": "average_SEM", 
        "value": -0.014472984797127235
    }, 
    "H2": {
        "error": 0.13157792876519267, 
        "fit": "average_SEM", 
        "value": -0.007991898490581661
    }, 
    "L1": {
        "error": 0.1530858399289141, 
        "fit": "average_SEM", 
        "value": -0.04598545532304949
    }, 
    "L2": {
        "error": 0.15092060693348477, 
        "fit": "average_SEM", 
        "value": 0.01976028245408088
    }
}