{
    "AX": {
        "error": 0.06047967093689712, 
        "fit": "average_SEM", 
        "value": -0.012028098327088324
    }, 
    "CDD": {
        "error": 0.00010888142939486408, 
        "fit": "average_SEM", 
        "value": 0.00011141971772303805
    }, 
    "H1": {
        "error": 0.12229967485331017, 
        "fit": "average_SEM", 
        "value": -0.03361698873826147
    }, 
    "H2": {
        "error": 0.10813232773950597, 
        "fit": "average_SEM", 
        "value": 0.24898969864783188
    }, 
    "L1": {
        "error": 0.15063084594548035, 
        "fit": "average_SEM", 
        "value": -0.06621063378018638
    }, 
    "L2": {
        "error": 0.1229179240654451, 
        "fit": "average_SEM", 
        "value": 0.013653947913553566
    }
}