{
    "AX": {
        "error": 0.05784388755592565, 
        "fit": "average_SEM", 
        "value": -0.002496377854064728
    }, 
    "CDD": {
        "error": 0.00013059448386961865, 
        "fit": "average_SEM", 
        "value": 0.0001062374062409314
    }, 
    "H1": {
        "error": 0.13048898720077604, 
        "fit": "average_SEM", 
        "value": -0.05558455752422257
    }, 
    "H2": {
        "error": 0.14215961950834355, 
        "fit": "average_SEM", 
        "value": 0.2548817129912398
    }, 
    "L1": {
        "error": 0.13040440141949178, 
        "fit": "average_SEM", 
        "value": -0.05592648401507176
    }, 
    "L2": {
        "error": 0.14800606467561322, 
        "fit": "average_SEM", 
        "value": -0.001838237534199531
    }
}