{
    "AX": {
        "error": 0.05884234718366762, 
        "fit": "average_SEM", 
        "value": -0.01422239780416324
    }, 
    "CDD": {
        "error": 0.00011215131640581576, 
        "fit": "average_SEM", 
        "value": 8.162142112269066e-05
    }, 
    "H1": {
        "error": 0.12913021354171259, 
        "fit": "average_SEM", 
        "value": -0.01586650106153229
    }, 
    "H2": {
        "error": 0.13145827012425101, 
        "fit": "average_SEM", 
        "value": -0.016416742757428437
    }, 
    "L1": {
        "error": 0.14268651984123495, 
        "fit": "average_SEM", 
        "value": -0.07533447178235898
    }, 
    "L2": {
        "error": 0.14012060318742145, 
        "fit": "average_SEM", 
        "value": -0.011606429387272025
    }
}