{
    "AX": {
        "error": 0.057949245657553, 
        "fit": "average_SEM", 
        "value": -0.012163231884490719
    }, 
    "CDD": {
        "error": 0.000122260366960386, 
        "fit": "average_SEM", 
        "value": 0.00010753298411145807
    }, 
    "H1": {
        "error": 0.11361913442363739, 
        "fit": "average_SEM", 
        "value": -0.01841519418740063
    }, 
    "H2": {
        "error": 0.14395741988539626, 
        "fit": "average_SEM", 
        "value": 0.2410915383681034
    }, 
    "L1": {
        "error": 0.15837233814112614, 
        "fit": "average_SEM", 
        "value": -0.07610790570033714
    }, 
    "L2": {
        "error": 0.11916746493053729, 
        "fit": "average_SEM", 
        "value": -0.010549563018624515
    }
}