{
    "AX": {
        "error": 0.05777631336557905, 
        "fit": "average_SEM", 
        "value": -0.010243221840543508
    }, 
    "CDD": {
        "error": 0.0001320637661052414, 
        "fit": "average_SEM", 
        "value": 0.0001347401247282202
    }, 
    "H1": {
        "error": 0.129876541462551, 
        "fit": "average_SEM", 
        "value": 0.008277880462022344
    }, 
    "H2": {
        "error": 0.12788427831057722, 
        "fit": "average_SEM", 
        "value": -0.020323104464963156
    }, 
    "L1": {
        "error": 0.1479207590448598, 
        "fit": "average_SEM", 
        "value": -0.0372628006094601
    }, 
    "L2": {
        "error": 0.13693359058427856, 
        "fit": "average_SEM", 
        "value": -0.00015668013899509484
    }
}