{
    "AX": {
        "error": 0.056251530390231744, 
        "fit": "average_SEM", 
        "value": -0.009588503414124715
    }, 
    "CDD": {
        "error": 0.00018323474169948964, 
        "fit": "average_SEM", 
        "value": 0.00020988365989372444
    }, 
    "H1": {
        "error": 0.12511172633565434, 
        "fit": "average_SEM", 
        "value": -0.013475356579874642
    }, 
    "H2": {
        "error": 0.12971826934752842, 
        "fit": "average_SEM", 
        "value": 0.23313578101806343
    }, 
    "L1": {
        "error": 0.17247195486206615, 
        "fit": "average_SEM", 
        "value": -0.0813582704247286
    }, 
    "L2": {
        "error": 0.14082560583250708, 
        "fit": "average_SEM", 
        "value": -0.0439500283197655
    }
}