{
    "AX": {
        "error": 0.06520931605881498, 
        "fit": "average_SEM", 
        "value": -0.0005446397122189713
    }, 
    "CDD": {
        "error": 0.00012308823195543973, 
        "fit": "average_SEM", 
        "value": 9.457720298087225e-05
    }, 
    "H1": {
        "error": 0.12238045194246436, 
        "fit": "average_SEM", 
        "value": -0.040619941054501396
    }, 
    "H2": {
        "error": 0.13172574745739252, 
        "fit": "average_SEM", 
        "value": -0.024865196651080623
    }, 
    "L1": {
        "error": 0.1769235032108184, 
        "fit": "average_SEM", 
        "value": -0.08526857347654489
    }, 
    "L2": {
        "error": 0.128152555998761, 
        "fit": "average_SEM", 
        "value": -0.0291501609783154
    }
}