{
    "AX": {
        "error": 0.0636805594077071, 
        "fit": "average_SEM", 
        "value": -0.003274137577197204
    }, 
    "CDD": {
        "error": 0.0001447808849491239, 
        "fit": "average_SEM", 
        "value": 0.00012437550006628347
    }, 
    "H1": {
        "error": 0.11913499113024, 
        "fit": "average_SEM", 
        "value": -0.03207982410482752
    }, 
    "H2": {
        "error": 0.12857508630871214, 
        "fit": "average_SEM", 
        "value": -0.04966296724160202
    }, 
    "L1": {
        "error": 0.1584797513347835, 
        "fit": "average_SEM", 
        "value": -0.08702892923683976
    }, 
    "L2": {
        "error": 0.13508990803650658, 
        "fit": "average_SEM", 
        "value": -0.07693957464847093
    }
}