{
    "Ar36": {
        "error": 0.0030476442324668751, 
        "fit": "parabolic", 
        "value": 0.02737815870537581
    }, 
    "Ar37": {
        "error": 0.13635508340343389, 
        "fit": "linear", 
        "value": -0.082276581567009621
    }, 
    "Ar38": {
        "error": 0.14119160067463943, 
        "fit": "linear", 
        "value": 1.2609151033243675
    }, 
    "Ar39": {
        "error": 0.13445612882988792, 
        "fit": "parabolic", 
        "value": 104.1065720140265
    }, 
    "Ar40": {
        "error": 0.58572818493081613, 
        "fit": "parabolic", 
        "value": 1436.4138981825913
    }, 
    "Ar41": {
        "error": 0.13031863461419224, 
        "fit": "average_SEM", 
        "value": 0.28000605243258181
    }
}