{
    "Ar36": {
        "error": 0.0023973107463107195, 
        "fit": "parabolic", 
        "value": 0.030752488537322854
    }, 
    "Ar37": {
        "error": 0.13764074315312191, 
        "fit": "linear", 
        "value": -0.11472182780734055
    }, 
    "Ar38": {
        "error": 0.13408370165192735, 
        "fit": "linear", 
        "value": 1.2468214977696641
    }, 
    "Ar39": {
        "error": 0.10064254162471876, 
        "fit": "parabolic", 
        "value": 104.12285745942637
    }, 
    "Ar40": {
        "error": 0.50269165825650708, 
        "fit": "parabolic", 
        "value": 1438.3303632110151
    }, 
    "Ar41": {
        "error": 0.13853543440926971, 
        "fit": "average_SEM", 
        "value": 0.29401504284876867
    }
}