{
    "Ar36": {
        "error": 0.00090992973402870031, 
        "fit": "parabolic", 
        "value": 0.0009089180647808043
    }, 
    "Ar37": {
        "error": 0.13835507025074933, 
        "fit": "linear", 
        "value": -0.13432205983233902
    }, 
    "Ar38": {
        "error": 0.12358593906391849, 
        "fit": "linear", 
        "value": -0.060437926098202102
    }, 
    "Ar39": {
        "error": 0.011071625982937249, 
        "fit": "parabolic", 
        "value": 0.033145364150164836
    }, 
    "Ar40": {
        "error": 0.13816251055217832, 
        "fit": "parabolic", 
        "value": 0.33026949326024974
    }, 
    "Ar41": {
        "error": 0.13698036769672883, 
        "fit": "average_SEM", 
        "value": 0.2553073747549206
    }
}