{
    "Ar36": {
        "error": 0.00077613701624050535, 
        "fit": "parabolic", 
        "value": 0.00083036325004577193
    }, 
    "Ar37": {
        "error": 0.13752284395208106, 
        "fit": "linear", 
        "value": -0.13283390424895364
    }, 
    "Ar38": {
        "error": 0.13416807706073786, 
        "fit": "linear", 
        "value": -0.063806995238287756
    }, 
    "Ar39": {
        "error": 0.0056919564107398126, 
        "fit": "parabolic", 
        "value": 0.015163111328113769
    }, 
    "Ar40": {
        "error": 0.13515315749302217, 
        "fit": "parabolic", 
        "value": 0.088276690752700365
    }, 
    "Ar41": {
        "error": 0.13725808370478873, 
        "fit": "average_SEM", 
        "value": -0.015259516528911062
    }
}