{
    "Ar36": {
        "error": 0.00088390847573829097, 
        "fit": "parabolic", 
        "value": 0.0010028537794434882
    }, 
    "Ar37": {
        "error": 0.12277376729820225, 
        "fit": "linear", 
        "value": -0.074084286566420451
    }, 
    "Ar38": {
        "error": 0.12745199478887945, 
        "fit": "linear", 
        "value": -0.026908122465752918
    }, 
    "Ar39": {
        "error": 0.0085896265842293016, 
        "fit": "parabolic", 
        "value": 0.021972460482712491
    }, 
    "Ar40": {
        "error": 0.1271256195675691, 
        "fit": "parabolic", 
        "value": 0.24199844140446189
    }, 
    "Ar41": {
        "error": 0.13430726994562198, 
        "fit": "average_SEM", 
        "value": 0.26282129022810197
    }
}