{
    "Ar36": {
        "error": 0.0014362682869908166, 
        "fit": "parabolic", 
        "value": 0.0074046701247843343
    }, 
    "Ar37": {
        "error": 0.13330892340589251, 
        "fit": "linear", 
        "value": 0.22083492858842724
    }, 
    "Ar38": {
        "error": 0.1682597994320178, 
        "fit": "linear", 
        "value": 1.3215616281707772
    }, 
    "Ar39": {
        "error": 0.10506452620068252, 
        "fit": "parabolic", 
        "value": 111.60367785555508
    }, 
    "Ar40": {
        "error": 0.38266766235369104, 
        "fit": "parabolic", 
        "value": 923.73339655933398
    }, 
    "Ar41": {
        "error": 0.12249910450933024, 
        "fit": "average_SEM", 
        "value": -0.0017843161117298222
    }
}