{
    "Ar36": {
        "error": 0.0025233037386270633, 
        "fit": "parabolic", 
        "value": 0.028075848504688333
    }, 
    "Ar37": {
        "error": 0.13036658870117498, 
        "fit": "linear", 
        "value": 0.080216213180634419
    }, 
    "Ar38": {
        "error": 0.2662480079198063, 
        "fit": "linear", 
        "value": 4.7486923854148939
    }, 
    "Ar39": {
        "error": 0.19099446943023932, 
        "fit": "parabolic", 
        "value": 389.94402528444635
    }, 
    "Ar40": {
        "error": 0.75069835664424445, 
        "fit": "parabolic", 
        "value": 3294.3132590956175
    }, 
    "Ar41": {
        "error": 0.11511097054439207, 
        "fit": "average_SEM", 
        "value": 0.037879996557167034
    }
}