{
    "Ar36": {
        "error": 0.001943823067699547, 
        "fit": "parabolic", 
        "value": 0.013776143540316203
    }, 
    "Ar37": {
        "error": 0.14046952335696963, 
        "fit": "linear", 
        "value": 0.53923641117885091
    }, 
    "Ar38": {
        "error": 0.18458273409406592, 
        "fit": "linear", 
        "value": 3.3245871279346275
    }, 
    "Ar39": {
        "error": 0.16670852173249651, 
        "fit": "parabolic", 
        "value": 274.23622655023161
    }, 
    "Ar40": {
        "error": 0.6044621869617236, 
        "fit": "parabolic", 
        "value": 2335.2866320847984
    }, 
    "Ar41": {
        "error": 0.1188075978388486, 
        "fit": "average_SEM", 
        "value": 0.012540634206125105
    }
}