{
    "Ar36": {
        "error": 0.0012085466025547333, 
        "fit": "parabolic", 
        "value": 0.0061819566475668835
    }, 
    "Ar37": {
        "error": 0.13444821019222566, 
        "fit": "linear", 
        "value": -0.081938261222195802
    }, 
    "Ar38": {
        "error": 0.1468091512218519, 
        "fit": "linear", 
        "value": -0.11328663510111023
    }, 
    "Ar39": {
        "error": 0.061382745749443593, 
        "fit": "parabolic", 
        "value": 0.16662639221865722
    }, 
    "Ar40": {
        "error": 0.13151823582333119, 
        "fit": "parabolic", 
        "value": 2.9615847173703278
    }, 
    "Ar41": {
        "error": 0.12272148754349986, 
        "fit": "average_SEM", 
        "value": -0.062106573616329118
    }
}