{
    "AX": {
        "error": 0.057108617518750265, 
        "fit": "average_SEM", 
        "value": -0.00246023378931568
    }, 
    "CDD": {
        "error": 0.00011551917118791301, 
        "fit": "average_SEM", 
        "value": 8.550815618946217e-05
    }, 
    "H1": {
        "error": 0.1265284710907072, 
        "fit": "average_SEM", 
        "value": -0.014668067827975998
    }, 
    "H2": {
        "error": 0.13634223383579466, 
        "fit": "average_SEM", 
        "value": 0.2663130426740584
    }, 
    "L1": {
        "error": 0.11807239813908509, 
        "fit": "average_SEM", 
        "value": -0.04517941557060112
    }, 
    "L2": {
        "error": 0.11905380999131349, 
        "fit": "average_SEM", 
        "value": -0.12670782863278873
    }
}