{
    "AX": {
        "error": 0.060026545531885606, 
        "fit": "average_SEM", 
        "value": -0.01112544206844177
    }, 
    "CDD": {
        "error": 0.00013277319059165111, 
        "fit": "average_SEM", 
        "value": 0.00014899148421439654
    }, 
    "H1": {
        "error": 0.13025247620317798, 
        "fit": "average_SEM", 
        "value": -0.03480752625958606
    }, 
    "H2": {
        "error": 0.1201824758454812, 
        "fit": "average_SEM", 
        "value": 0.24757652183858833
    }, 
    "L1": {
        "error": 0.12633222335664454, 
        "fit": "average_SEM", 
        "value": -0.04865707349187384
    }, 
    "L2": {
        "error": 0.1291090421789713, 
        "fit": "average_SEM", 
        "value": -0.1372365498158615
    }
}