{
    "AX": {
        "error": 0.06689115397809432, 
        "fit": "average_SEM", 
        "value": -0.00944119298486233
    }, 
    "CDD": {
        "error": 0.00013778430748825706, 
        "fit": "average_SEM", 
        "value": 0.0001451047501177527
    }, 
    "H1": {
        "error": 0.11955932386771652, 
        "fit": "average_SEM", 
        "value": -0.02965243362899249
    }, 
    "H2": {
        "error": 0.12977883448908167, 
        "fit": "average_SEM", 
        "value": 0.2641985240081946
    }, 
    "L1": {
        "error": 0.12163253275536, 
        "fit": "average_SEM", 
        "value": -0.06983709802152589
    }, 
    "L2": {
        "error": 0.1437499621978855, 
        "fit": "average_SEM", 
        "value": -0.12291235655041723
    }
}