{
    "AX": {
        "error": 0.057293696501361534, 
        "fit": "average_SEM", 
        "value": -0.013378689322629119
    }, 
    "CDD": {
        "error": 0.00010407269567213835, 
        "fit": "average_SEM", 
        "value": 8.939489004357407e-05
    }, 
    "H1": {
        "error": 0.11115354326495555, 
        "fit": "average_SEM", 
        "value": -0.017327692644903435
    }, 
    "H2": {
        "error": 0.1299868241752185, 
        "fit": "average_SEM", 
        "value": 0.010003461118321866
    }, 
    "L1": {
        "error": 0.12895135038149572, 
        "fit": "average_SEM", 
        "value": -0.03600531705693963
    }, 
    "L2": {
        "error": 0.1339943952197416, 
        "fit": "average_SEM", 
        "value": -0.12219989636020424
    }
}