{
    "AX": {
        "error": 0.0607550196279337, 
        "fit": "average_SEM", 
        "value": -0.017814121420572822
    }, 
    "CDD": {
        "error": 0.00013767984879966806, 
        "fit": "average_SEM", 
        "value": 0.00012826223464799114
    }, 
    "H1": {
        "error": 0.11330300806133575, 
        "fit": "average_SEM", 
        "value": -0.024040567992778962
    }, 
    "H2": {
        "error": 0.1257994950325318, 
        "fit": "average_SEM", 
        "value": -0.0034900300971154744
    }, 
    "L1": {
        "error": 0.12949711676409253, 
        "fit": "average_SEM", 
        "value": -0.038731422000273595
    }, 
    "L2": {
        "error": 0.14340805895905606, 
        "fit": "average_SEM", 
        "value": -0.1099149150075391
    }
}