{
    "AX": {
        "error": 0.05747867601219382, 
        "fit": "average_SEM", 
        "value": -0.006424333870624347
    }, 
    "CDD": {
        "error": 0.00015202906185248058, 
        "fit": "average_SEM", 
        "value": 0.0001878588290613455
    }, 
    "H1": {
        "error": 0.12147697665386668, 
        "fit": "average_SEM", 
        "value": -0.012984043629451965
    }, 
    "H2": {
        "error": 0.1362301388679197, 
        "fit": "average_SEM", 
        "value": -0.0029162898497209727
    }, 
    "L1": {
        "error": 0.12789369164750575, 
        "fit": "average_SEM", 
        "value": -0.040512310714257184
    }, 
    "L2": {
        "error": 0.12323541080237337, 
        "fit": "average_SEM", 
        "value": -0.09078810371065629
    }
}