{
    "AX": {
        "error": 0.06607151926119251, 
        "fit": "average_SEM", 
        "value": -0.017044566264182017
    }, 
    "CDD": {
        "error": 0.00015393762717881421, 
        "fit": "average_SEM", 
        "value": 0.00012955781445877316
    }, 
    "H1": {
        "error": 0.10413897422116097, 
        "fit": "average_SEM", 
        "value": -0.037545093476849915
    }, 
    "H2": {
        "error": 0.1306799108246701, 
        "fit": "average_SEM", 
        "value": 0.24680456006123375
    }, 
    "L1": {
        "error": 0.11289302496280794, 
        "fit": "average_SEM", 
        "value": -0.05747300386913897
    }, 
    "L2": {
        "error": 0.1273130228449989, 
        "fit": "average_SEM", 
        "value": -0.12714269420932092
    }
}