{
    "AX": {
        "error": 0.057821461484759494, 
        "fit": "average_SEM", 
        "value": -0.009749407627320275
    }, 
    "CDD": {
        "error": 0.0001386659806146005, 
        "fit": "average_SEM", 
        "value": 0.00012955781324611355
    }, 
    "H1": {
        "error": 0.1208857462296134, 
        "fit": "average_SEM", 
        "value": -0.030219139452068097
    }, 
    "H2": {
        "error": 0.13531533306298654, 
        "fit": "average_SEM", 
        "value": 0.24285682762274519
    }, 
    "L1": {
        "error": 0.12531711943504853, 
        "fit": "average_SEM", 
        "value": -0.05226928165454107
    }, 
    "L2": {
        "error": 0.12457219683285824, 
        "fit": "average_SEM", 
        "value": -0.10879540748622579
    }
}