{
    "AX": {
        "error": 0.06113749694057635, 
        "fit": "average_SEM", 
        "value": -0.020982653043756728
    }, 
    "CDD": {
        "error": 0.00013489790041502206, 
        "fit": "average_SEM", 
        "value": 0.00010753298483905383
    }, 
    "H1": {
        "error": 0.12487927301212712, 
        "fit": "average_SEM", 
        "value": -0.0355569998643432
    }, 
    "H2": {
        "error": 0.12711629221098317, 
        "fit": "average_SEM", 
        "value": -0.008543444093083963
    }, 
    "L1": {
        "error": 0.12279293212890331, 
        "fit": "average_SEM", 
        "value": -0.06421508797163065
    }, 
    "L2": {
        "error": 0.12607830016697946, 
        "fit": "average_SEM", 
        "value": -0.13968479425699723
    }
}