{
    "AX": {
        "error": 0.06014695452665145, 
        "fit": "average_SEM", 
        "value": -0.00930900686022748
    }, 
    "CDD": {
        "error": 0.00018250815873569918, 
        "fit": "average_SEM", 
        "value": 0.00016972073766131264
    }, 
    "H1": {
        "error": 0.1292678296230583, 
        "fit": "average_SEM", 
        "value": -0.030409984558355065
    }, 
    "H2": {
        "error": 0.1189052954884606, 
        "fit": "average_SEM", 
        "value": 0.23294354356088054
    }, 
    "L1": {
        "error": 0.12539922967334968, 
        "fit": "average_SEM", 
        "value": -0.05129572995744335
    }, 
    "L2": {
        "error": 0.1325167883157054, 
        "fit": "average_SEM", 
        "value": -0.12264208466100777
    }
}