{
    "AX": {
        "error": 0.05684008100342125, 
        "fit": "average_SEM", 
        "value": -0.006824508790062586
    }, 
    "CDD": {
        "error": 0.00013817073134453855, 
        "fit": "average_SEM", 
        "value": 0.00013085339111664022
    }, 
    "H1": {
        "error": 0.14055200614590263, 
        "fit": "average_SEM", 
        "value": -0.01745986567887788
    }, 
    "H2": {
        "error": 0.13611836971599992, 
        "fit": "average_SEM", 
        "value": -0.009670457409083611
    }, 
    "L1": {
        "error": 0.1260864579942096, 
        "fit": "average_SEM", 
        "value": -0.04615622011430484
    }, 
    "L2": {
        "error": 0.14033000712741447, 
        "fit": "average_SEM", 
        "value": -0.1179154641208394
    }
}