{
    "AX": {
        "error": 0.05950693363640331, 
        "fit": "average_SEM", 
        "value": -0.0049001142814328585
    }, 
    "CDD": {
        "error": 0.00017337641716049074, 
        "fit": "average_SEM", 
        "value": 0.00016972073741878074
    }, 
    "H1": {
        "error": 0.13645585968422452, 
        "fit": "average_SEM", 
        "value": -0.026079726659615214
    }, 
    "H2": {
        "error": 0.13438741862073622, 
        "fit": "average_SEM", 
        "value": 0.22892893628838162
    }, 
    "L1": {
        "error": 0.12550295948849616, 
        "fit": "average_SEM", 
        "value": -0.05453291210986511
    }, 
    "L2": {
        "error": 0.13484541162111377, 
        "fit": "average_SEM", 
        "value": -0.1242251833609771
    }
}