{
    "AX": {
        "error": 0.06177871959403853, 
        "fit": "average_SEM", 
        "value": -0.009313951498673608
    }, 
    "CDD": {
        "error": 0.0002060325705678413, 
        "fit": "average_SEM", 
        "value": 0.000257820052987275
    }, 
    "H1": {
        "error": 0.13154459705718904, 
        "fit": "average_SEM", 
        "value": -0.004426836481919357
    }, 
    "H2": {
        "error": 0.1499346358974122, 
        "fit": "average_SEM", 
        "value": 0.017073380256382126
    }, 
    "L1": {
        "error": 0.1218551221802754, 
        "fit": "average_SEM", 
        "value": -0.028269268801280608
    }, 
    "L2": {
        "error": 0.1356695674664149, 
        "fit": "average_SEM", 
        "value": 0.030783051675825845
    }
}