{
    "AX": {
        "error": 0.06468912402266869, 
        "fit": "average_SEM", 
        "value": -0.007196184510636764
    }, 
    "CDD": {
        "error": 0.0002053948930577871, 
        "fit": "average_SEM", 
        "value": 0.00024097753630485385
    }, 
    "H1": {
        "error": 0.13229042321104986, 
        "fit": "average_SEM", 
        "value": -0.016857508786294297
    }, 
    "H2": {
        "error": 0.12742298877737546, 
        "fit": "average_SEM", 
        "value": -0.02871480902734523
    }, 
    "L1": {
        "error": 0.15024200708902885, 
        "fit": "average_SEM", 
        "value": -0.04125980100337377
    }, 
    "L2": {
        "error": 0.14958310495205576, 
        "fit": "average_SEM", 
        "value": 0.006083017476582123
    }
}