{
    "AX": {
        "error": 0.05713076344630577, 
        "fit": "average_SEM", 
        "value": -0.009970308926616175
    }, 
    "CDD": {
        "error": 0.00012983405519983922, 
        "fit": "average_SEM", 
        "value": 0.00011530645303234147
    }, 
    "H1": {
        "error": 0.13990327113694445, 
        "fit": "average_SEM", 
        "value": -0.019482935372495073
    }, 
    "H2": {
        "error": 0.11826962150008158, 
        "fit": "average_SEM", 
        "value": -0.012971594696864486
    }, 
    "L1": {
        "error": 0.1151422175860815, 
        "fit": "average_SEM", 
        "value": -0.07038394331563419
    }, 
    "L2": {
        "error": 0.1359332391249628, 
        "fit": "average_SEM", 
        "value": 0.016707914036427005
    }
}