{
    "Ar36": {
        "error": 0.001937695579661333, 
        "fit": "parabolic", 
        "value": 0.01372573731085644
    }, 
    "Ar37": {
        "error": 0.13281459506034585, 
        "fit": "linear", 
        "value": 0.77842517473393913
    }, 
    "Ar38": {
        "error": 0.13941052791917088, 
        "fit": "linear", 
        "value": 3.1960496704373744
    }, 
    "Ar39": {
        "error": 0.14980526128907382, 
        "fit": "parabolic", 
        "value": 260.81361606693724
    }, 
    "Ar40": {
        "error": 0.56217287300967056, 
        "fit": "parabolic", 
        "value": 2186.3287132991795
    }, 
    "Ar41": {
        "error": 0.14277121000198056, 
        "fit": "average_SEM", 
        "value": 0.30067437984514983
    }
}