{
    "Ar36": {
        "error": 0.0018962361399756434, 
        "fit": "parabolic", 
        "value": 0.019013967009199079
    }, 
    "Ar37": {
        "error": 0.13638862207990246, 
        "fit": "linear", 
        "value": 0.084003834691068535
    }, 
    "Ar38": {
        "error": 0.15227961846781968, 
        "fit": "linear", 
        "value": 0.53309151415601319
    }, 
    "Ar39": {
        "error": 0.089439422195808804, 
        "fit": "parabolic", 
        "value": 50.240643091769996
    }, 
    "Ar40": {
        "error": 0.27871489937738309, 
        "fit": "parabolic", 
        "value": 427.96778476200552
    }, 
    "Ar41": {
        "error": 0.14578223867228335, 
        "fit": "average_SEM", 
        "value": 0.007568603393912781
    }
}