{
    "Ar36": {
        "error": 0.0022148494078049648, 
        "fit": "parabolic", 
        "value": 0.02265375711643074
    }, 
    "Ar37": {
        "error": 0.14461790515659115, 
        "fit": "linear", 
        "value": 0.55468099906216195
    }, 
    "Ar38": {
        "error": 0.19553656189327231, 
        "fit": "linear", 
        "value": 2.4132041920808196
    }, 
    "Ar39": {
        "error": 0.14953166824597033, 
        "fit": "parabolic", 
        "value": 200.43268304656354
    }, 
    "Ar40": {
        "error": 0.50984401392111423, 
        "fit": "parabolic", 
        "value": 1666.0496351663385
    }, 
    "Ar41": {
        "error": 0.13830001401505135, 
        "fit": "average_SEM", 
        "value": 0.016264599873684348
    }
}