{
    "Ar36": {
        "error": 0.0020282135599820885, 
        "fit": "parabolic", 
        "value": 0.01918135518871077
    }, 
    "Ar37": {
        "error": 0.14086222596270134, 
        "fit": "linear", 
        "value": 0.83580848928603446
    }, 
    "Ar38": {
        "error": 0.13561906774529681, 
        "fit": "linear", 
        "value": 3.4580831038469677
    }, 
    "Ar39": {
        "error": 0.16120794370694372, 
        "fit": "parabolic", 
        "value": 282.8965816985434
    }, 
    "Ar40": {
        "error": 0.59315991326025119, 
        "fit": "parabolic", 
        "value": 2375.4082252730514
    }, 
    "Ar41": {
        "error": 0.12840705238610606, 
        "fit": "average_SEM", 
        "value": 0.035336041498929265
    }
}