{
    "AX": {
        "error": 0.05686107023706843, 
        "fit": "average_SEM", 
        "value": -0.009771674944325544
    }, 
    "CDD": {
        "error": 2.8024620176286337e-05, 
        "fit": "average_SEM", 
        "value": 5.182312452234328e-06
    }, 
    "H1": {
        "error": 0.1418439842920572, 
        "fit": "average_SEM", 
        "value": -0.04246229566633701
    }, 
    "H2": {
        "error": 0.12737879518330103, 
        "fit": "average_SEM", 
        "value": -0.018154676074239737
    }, 
    "L1": {
        "error": 0.1366964918583989, 
        "fit": "average_SEM", 
        "value": -0.05124969939837077
    }, 
    "L2": {
        "error": 0.13718566185258724, 
        "fit": "average_SEM", 
        "value": -2.844163003222396e-05
    }
}