{
    "CDD": {
        "error": 4.4367401722025854e-05, 
        "fit": "average_SEM", 
        "value": 1.3819499872624875e-05
    }, 
    "H1": {
        "error": 0.13418457666937345, 
        "fit": "average_SEM", 
        "value": -0.05282279639375499
    }, 
    "H2": {
        "error": 0.16486843873581705, 
        "fit": "average_SEM", 
        "value": 0.25460134951911945
    }, 
    "L1": {
        "error": 0.12818389706963434, 
        "fit": "average_SEM", 
        "value": -0.04877830788803597
    }, 
    "L2": {
        "error": 0.14080263580298852, 
        "fit": "average_SEM", 
        "value": -0.14554433851606316
    }
}