{
    "AX": {
        "error": 0.0621595230050708, 
        "fit": "average_SEM", 
        "value": -0.010120519782261302
    }, 
    "CDD": {
        "error": 3.402583532384326e-05, 
        "fit": "average_SEM", 
        "value": 7.773468678351491e-06
    }, 
    "H1": {
        "error": 0.11477942333760296, 
        "fit": "average_SEM", 
        "value": -0.04436959257388177
    }, 
    "H2": {
        "error": 0.1434003051697975, 
        "fit": "average_SEM", 
        "value": 0.25071322231475884
    }, 
    "L1": {
        "error": 0.1380619210973108, 
        "fit": "average_SEM", 
        "value": -0.04959334410959855
    }, 
    "L2": {
        "error": 0.1339011263128559, 
        "fit": "average_SEM", 
        "value": -0.014613358250790043
    }
}