{
    "AX": {
        "error": 0.06380938754126038, 
        "fit": "average_SEM", 
        "value": -0.006249705816056424
    }, 
    "CDD": {
        "error": 2.4374420724540927e-05, 
        "fit": "average_SEM", 
        "value": 3.8867343391757455e-06
    }, 
    "H1": {
        "error": 0.10967311773106908, 
        "fit": "average_SEM", 
        "value": -0.022668890874289596
    }, 
    "H2": {
        "error": 0.13333810510299188, 
        "fit": "average_SEM", 
        "value": -0.0023667923485239345
    }, 
    "L1": {
        "error": 0.12591064059249615, 
        "fit": "average_SEM", 
        "value": -0.04301852688610476
    }, 
    "L2": {
        "error": 0.13412887175655408, 
        "fit": "average_SEM", 
        "value": -0.002054475729043285
    }
}