{
    "AX": {
        "error": 0.05970860502654175, 
        "fit": "average_SEM", 
        "value": -0.009207902753648039
    }, 
    "CDD": {
        "error": 3.119713176935617e-05, 
        "fit": "average_SEM", 
        "value": 6.47789056529291e-06
    }, 
    "H1": {
        "error": 0.12633762414260444, 
        "fit": "average_SEM", 
        "value": -0.08021129336460338
    }, 
    "H2": {
        "error": 0.1301831247560437, 
        "fit": "average_SEM", 
        "value": -0.0496588013949804
    }, 
    "L1": {
        "error": 0.16833445146583634, 
        "fit": "average_SEM", 
        "value": -0.10541017869012043
    }, 
    "L2": {
        "error": 0.13264147792276812, 
        "fit": "average_SEM", 
        "value": -0.09670947815072092
    }
}