{
    "AX": {
        "error": 0.05609062776158399, 
        "fit": "average_SEM", 
        "value": -0.021104083565296604
    }, 
    "CDD": {
        "error": 2.8024620176286337e-05, 
        "fit": "average_SEM", 
        "value": 5.182312452234328e-06
    }, 
    "H1": {
        "error": 0.13433928090594016, 
        "fit": "average_SEM", 
        "value": 0.038293740205699575
    }, 
    "H2": {
        "error": 0.11846311819132664, 
        "fit": "average_SEM", 
        "value": 0.18867104492577103
    }, 
    "L1": {
        "error": 0.21606845098252445, 
        "fit": "average_SEM", 
        "value": -0.10226165225030855
    }, 
    "L2": {
        "error": 0.15021912651212677, 
        "fit": "average_SEM", 
        "value": -0.07556174551233805
    }
}