{
    "AX": {
        "error": 0.05172662170559451, 
        "fit": "average_SEM", 
        "value": -0.011441592400660738
    }, 
    "CDD": {
        "error": 2.4374420724540924e-05, 
        "fit": "average_SEM", 
        "value": 3.8867343391757455e-06
    }, 
    "H1": {
        "error": 0.10954933669062861, 
        "fit": "average_SEM", 
        "value": -0.016579747747528017
    }, 
    "H2": {
        "error": 0.12203647661189089, 
        "fit": "average_SEM", 
        "value": 0.2374781191193809
    }, 
    "L1": {
        "error": 0.13361495964039866, 
        "fit": "average_SEM", 
        "value": -0.07356224258837755
    }, 
    "L2": {
        "error": 0.13553739921519187, 
        "fit": "average_SEM", 
        "value": -0.15435739147554461
    }
}