{
    "AX": {
        "error": 0.055651334415360444, 
        "fit": "average_SEM", 
        "value": -0.009973430950776675
    }, 
    "CDD": {
        "error": 0.00013359292514102778, 
        "fit": "average_SEM", 
        "value": 0.00013474012545581596
    }, 
    "H1": {
        "error": 0.1330338534792147, 
        "fit": "average_SEM", 
        "value": -0.02596184623980662
    }, 
    "H2": {
        "error": 0.13605673903615334, 
        "fit": "average_SEM", 
        "value": 0.23721223367222896
    }, 
    "L1": {
        "error": 0.14704616728544911, 
        "fit": "average_SEM", 
        "value": -0.024083615404864152
    }, 
    "L2": {
        "error": 0.13999933030129466, 
        "fit": "average_SEM", 
        "value": -0.11412414612617189
    }
}