{
    "AX": {
        "error": 0.07098144767781281, 
        "fit": "average_SEM", 
        "value": -0.00862138949742075
    }, 
    "CDD": {
        "error": 0.00025573709074991964, 
        "fit": "average_SEM", 
        "value": 0.0003485105284198653
    }, 
    "H1": {
        "error": 0.14287020721292346, 
        "fit": "average_SEM", 
        "value": -0.007706545062440758
    }, 
    "H2": {
        "error": 0.14389541723758012, 
        "fit": "average_SEM", 
        "value": -0.022309203900416227
    }, 
    "L1": {
        "error": 0.128843120093012, 
        "fit": "average_SEM", 
        "value": -0.05759618767042411
    }, 
    "L2": {
        "error": 0.14384816998455593, 
        "fit": "average_SEM", 
        "value": -0.1211812681571852
    }
}