{
    "Ar36": {
        "error": 0.0062165888779127489, 
        "fit": "parabolic", 
        "value": 0.28820112011477594
    }, 
    "Ar37": {
        "error": 0.14071610786784564, 
        "fit": "linear", 
        "value": -0.11443148434644738
    }, 
    "Ar38": {
        "error": 0.13382030364471253, 
        "fit": "linear", 
        "value": 0.0021799393976308992
    }, 
    "Ar39": {
        "error": 0.059540176179456818, 
        "fit": "parabolic", 
        "value": 0.011441036719014329
    }, 
    "Ar40": {
        "error": 0.17214345350893856, 
        "fit": "parabolic", 
        "value": 87.118312139343601
    }, 
    "Ar41": {
        "error": 0.13661162777204941, 
        "fit": "average_SEM", 
        "value": 0.26015281929983758
    }
}