{
    "Ar36": {
        "error": 0.0063114532901127601, 
        "fit": "parabolic", 
        "value": 0.2888108878687638
    }, 
    "Ar37": {
        "error": 0.14419703294193403, 
        "fit": "linear", 
        "value": -0.10758195639754642
    }, 
    "Ar38": {
        "error": 0.12721299833125202, 
        "fit": "linear", 
        "value": 0.019591379736515476
    }, 
    "Ar39": {
        "error": 0.058876705080709281, 
        "fit": "parabolic", 
        "value": 0.018202931445855598
    }, 
    "Ar40": {
        "error": 0.17626231167885759, 
        "fit": "parabolic", 
        "value": 87.923840236788493
    }, 
    "Ar41": {
        "error": 0.13294473891744885, 
        "fit": "average_SEM", 
        "value": 0.25484179570165
    }
}