{
    "Ar36": {
        "error": 0.0037783845340701666, 
        "fit": "parabolic", 
        "value": 0.086849680452778882
    }, 
    "Ar37": {
        "error": 0.13556950767295053, 
        "fit": "linear", 
        "value": 0.19665586960599341
    }, 
    "Ar38": {
        "error": 0.14035835485482201, 
        "fit": "linear", 
        "value": 0.5355006341922669
    }, 
    "Ar39": {
        "error": 0.08458765624629036, 
        "fit": "parabolic", 
        "value": 41.181738327060089
    }, 
    "Ar40": {
        "error": 0.24871842466562993, 
        "fit": "parabolic", 
        "value": 372.86736139116709
    }, 
    "Ar41": {
        "error": 0.12900942418587255, 
        "fit": "average_SEM", 
        "value": -0.0074288859560620044
    }
}