{
    "Ar36": {
        "error": 0.0010908974668981544, 
        "fit": "parabolic", 
        "value": 0.0057800389235064227
    }, 
    "Ar37": {
        "error": 0.14838482658922453, 
        "fit": "linear", 
        "value": -0.062265842610822686
    }, 
    "Ar38": {
        "error": 0.13268217025177365, 
        "fit": "linear", 
        "value": 0.067701662679390304
    }, 
    "Ar39": {
        "error": 0.070379902144198772, 
        "fit": "parabolic", 
        "value": 11.755186840766285
    }, 
    "Ar40": {
        "error": 0.17534235074256027, 
        "fit": "parabolic", 
        "value": 99.934927305266854
    }, 
    "Ar41": {
        "error": 0.13657501688762183, 
        "fit": "average_SEM", 
        "value": 0.26921798196062446
    }
}