{
    "Ar36": {
        "error": 0.001923133464181287, 
        "fit": "parabolic", 
        "value": 0.012927890441421716
    }, 
    "Ar37": {
        "error": 0.15004453417330416, 
        "fit": "linear", 
        "value": 1.3956569940143855
    }, 
    "Ar38": {
        "error": 0.12654644185352137, 
        "fit": "linear", 
        "value": 3.8854033143137454
    }, 
    "Ar39": {
        "error": 0.15887100080350883, 
        "fit": "parabolic", 
        "value": 318.43052116344006
    }, 
    "Ar40": {
        "error": 0.6429679695766094, 
        "fit": "parabolic", 
        "value": 2644.4468898376717
    }, 
    "Ar41": {
        "error": 0.13860008557989889, 
        "fit": "average_SEM", 
        "value": 0.050618949253694152
    }
}