{
    "Ar36": {
        "error": 0.0012570269990464463, 
        "fit": "parabolic", 
        "value": 0.0050052875582766772
    }, 
    "Ar37": {
        "error": 0.14073612716255321, 
        "fit": "linear", 
        "value": 0.40216272862061475
    }, 
    "Ar38": {
        "error": 0.12248590181622411, 
        "fit": "linear", 
        "value": 1.4290332981906935
    }, 
    "Ar39": {
        "error": 0.11099834175303472, 
        "fit": "parabolic", 
        "value": 117.34921377677736
    }, 
    "Ar40": {
        "error": 0.38796924222588908, 
        "fit": "parabolic", 
        "value": 972.99594377700464
    }, 
    "Ar41": {
        "error": 0.14096556128979934, 
        "fit": "average_SEM", 
        "value": 0.021248381411773154
    }
}