{
    "Ar36": {
        "error": 0.0011286371137182629, 
        "fit": "parabolic", 
        "value": 0.0039200211342701116
    }, 
    "Ar37": {
        "error": 0.1321209843782114, 
        "fit": "linear", 
        "value": -0.11036404648929876
    }, 
    "Ar38": {
        "error": 0.12285138442439357, 
        "fit": "linear", 
        "value": -0.065802434442187377
    }, 
    "Ar39": {
        "error": 0.0090790723727373016, 
        "fit": "parabolic", 
        "value": 0.014594260331129179
    }, 
    "Ar40": {
        "error": 0.14886664892829846, 
        "fit": "parabolic", 
        "value": 1.0132419800029209
    }, 
    "Ar41": {
        "error": 0.12964556678344594, 
        "fit": "average_SEM", 
        "value": -0.033438966792568359
    }
}