{
    "Ar36": {
        "error": 0.00091172140716180643, 
        "fit": "parabolic", 
        "value": 0.0031880912182929867
    }, 
    "Ar37": {
        "error": 0.1306279733322987, 
        "fit": "linear", 
        "value": -0.10675984520353353
    }, 
    "Ar38": {
        "error": 0.13190194158243479, 
        "fit": "linear", 
        "value": -0.026626547742339607
    }, 
    "Ar39": {
        "error": 0.056329632349684508, 
        "fit": "parabolic", 
        "value": 0.0019196672246378247
    }, 
    "Ar40": {
        "error": 0.13306119137551142, 
        "fit": "parabolic", 
        "value": 0.84091032497074436
    }, 
    "Ar41": {
        "error": 0.14368616404116688, 
        "fit": "average_SEM", 
        "value": 0.25847712857881561
    }
}