{
    "Ar36": {
        "error": 0.0011007753129108134, 
        "fit": "parabolic", 
        "value": 0.0057382627340615867
    }, 
    "Ar37": {
        "error": 0.12432115806563472, 
        "fit": "linear", 
        "value": -0.061225065167853678
    }, 
    "Ar38": {
        "error": 0.11909028915214152, 
        "fit": "linear", 
        "value": -0.046877416195468424
    }, 
    "Ar39": {
        "error": 0.0095764753723327125, 
        "fit": "parabolic", 
        "value": 0.019338569166249733
    }, 
    "Ar40": {
        "error": 0.14909213754495351, 
        "fit": "parabolic", 
        "value": 1.6813945885745052
    }, 
    "Ar41": {
        "error": 0.13863323921819679, 
        "fit": "average_SEM", 
        "value": -0.010533179537095648
    }
}