{
    "Ar36": {
        "error": 0.0011316625278969185, 
        "fit": "parabolic", 
        "value": 0.0049447097412802388
    }, 
    "Ar37": {
        "error": 0.13565343750444261, 
        "fit": "linear", 
        "value": 0.037115469021889065
    }, 
    "Ar38": {
        "error": 0.14401517441395448, 
        "fit": "linear", 
        "value": -0.062540007034625894
    }, 
    "Ar39": {
        "error": 0.061049398571618098, 
        "fit": "parabolic", 
        "value": -0.010117730549792672
    }, 
    "Ar40": {
        "error": 0.13345304631380914, 
        "fit": "parabolic", 
        "value": 1.2608173853756408
    }, 
    "Ar41": {
        "error": 0.12910009231561134, 
        "fit": "average_SEM", 
        "value": 0.0028414356445864543
    }
}