{
    "CDD": {
        "error": 4.778640996861869e-05, 
        "fit": "average_SEM", 
        "value": 1.2092062388546764e-05
    }, 
    "H1": {
        "error": 0.11331030479894215, 
        "fit": "average_SEM", 
        "value": -0.020068235038262276
    }, 
    "H2": {
        "error": 0.12972383772137563, 
        "fit": "average_SEM", 
        "value": -0.009448266968441506
    }, 
    "L1": {
        "error": 0.12690333758838865, 
        "fit": "average_SEM", 
        "value": -0.04307571642631147
    }, 
    "L2": {
        "error": 0.14683530513091234, 
        "fit": "average_SEM", 
        "value": -0.11122987877202427
    }
}