{
    "CDD": {
        "error": 2.2980972878002985e-05, 
        "fit": "average_SEM", 
        "value": 3.4548749681562187e-06
    }, 
    "H1": {
        "error": 0.12583867838131832, 
        "fit": "average_SEM", 
        "value": -0.02510770855264531
    }, 
    "H2": {
        "error": 0.13031609888923612, 
        "fit": "average_SEM", 
        "value": 0.0040092687562315
    }, 
    "L1": {
        "error": 0.1324374872953274, 
        "fit": "average_SEM", 
        "value": -0.03097741502440638
    }, 
    "L2": {
        "error": 0.13620000345350183, 
        "fit": "average_SEM", 
        "value": -0.0983847792356553
    }
}