{
    "CDD": {
        "error": 3.2128562710148566e-05, 
        "fit": "average_SEM", 
        "value": 6.909749936312437e-06
    }, 
    "H1": {
        "error": 0.12456046463723686, 
        "fit": "average_SEM", 
        "value": -0.029344486949654917
    }, 
    "H2": {
        "error": 0.13890916270210385, 
        "fit": "average_SEM", 
        "value": -0.015457765833060775
    }, 
    "L1": {
        "error": 0.12178294815737993, 
        "fit": "average_SEM", 
        "value": -0.04415062459754861
    }, 
    "L2": {
        "error": 0.12086489543542497, 
        "fit": "average_SEM", 
        "value": -0.12168397719247473
    }
}